Distribution,Mean,Std Dev
Normal,0.0007657956158095774,1.0005193226002878
Uniform,0.0005583885698368945,0.5774790643747524
